,MPI-ESM1-2-HR_hist_tasmin,MPI-ESM1-2-HR_hist_tas,MPI-ESM1-2-HR_hist_hurs,MPI-ESM1-2-HR_hist_sfcWind,MPI-ESM1-2-HR_hist_rlds,MPI-ESM1-2-HR_hist_rsds,MPI-ESM1-2-HR_hist_huss,MPI-ESM1-2-HR_hist_tasmax,FGOALS-g3_hist_sfcWind,FGOALS-g3_hist_tasmin,FGOALS-g3_hist_tasmax,FGOALS-g3_hist_huss,FGOALS-g3_hist_rlds,FGOALS-g3_hist_rsds,FGOALS-g3_hist_tas,BCC-CSM2-MR_hist_tasmin,BCC-CSM2-MR_hist_rsds,BCC-CSM2-MR_hist_rlds,BCC-CSM2-MR_hist_huss,BCC-CSM2-MR_hist_tas,BCC-CSM2-MR_hist_sfcWind,BCC-CSM2-MR_hist_tasmax,NorESM2-MM_hist_hurs,NorESM2-MM_hist_tasmax,NorESM2-MM_hist_rlds,NorESM2-MM_hist_huss,NorESM2-MM_hist_tas,NorESM2-MM_hist_sfcWind,NorESM2-MM_hist_tasmin,CMCC-ESM2_hist_tasmax,CMCC-ESM2_hist_sfcWind,CMCC-ESM2_hist_tas,CMCC-ESM2_hist_tasmin,CMCC-ESM2_hist_rlds,CMCC-ESM2_hist_rsds,CMCC-ESM2_hist_huss,EC-Earth3_hist_tas,EC-Earth3_hist_tasmax,EC-Earth3_hist_sfcWind,EC-Earth3_hist_huss,EC-Earth3_hist_rlds,EC-Earth3_hist_rsds,EC-Earth3_hist_tasmin,EC-Earth3_hist_hurs,CESM2_hist_rlds,CESM2_hist_rsds,CESM2_hist_huss,UKESM1-0-LL_hist_rsds,MRI-ESM2-0_hist_rsds,MRI-ESM2-0_hist_rlds,MRI-ESM2-0_hist_huss,MRI-ESM2-0_hist_tas,MRI-ESM2-0_hist_tasmin,MRI-ESM2-0_hist_tasmax,MRI-ESM2-0_hist_sfcWind,GFDL-CM4_hist_tasmax,GFDL-CM4_hist_huss,GFDL-CM4_hist_rlds,GFDL-CM4_hist_rsds,GFDL-CM4_hist_sfcWind,GFDL-CM4_hist_tasmin,GFDL-CM4_hist_tas,CNRM-ESM2-1_hist_hurs,CNRM-ESM2-1_hist_tasmax,CNRM-ESM2-1_hist_huss,CNRM-ESM2-1_hist_rsds,CNRM-ESM2-1_hist_rlds,CNRM-ESM2-1_hist_tas,CNRM-ESM2-1_hist_tasmin
1950-12-31,285.42334,292.19257,71.045364,3.2150745,353.5058,230.44807,0.011516722,299.0532,3.2227283,283.521,298.55652,0.010675566,346.93335,229.86168,293.0457,285.8662,229.30205,342.43793,0.010841141,291.78015,3.2412417,297.71417,73.86507,298.4488,347.66705,0.011221329,291.86203,3.2591138,285.33118,298.63736,3.516267,293.16336,286.91818,351.93457,231.42383,0.0109892115,292.43698,299.76825,3.5520422,0.011426268,350.28955,236.0092,286.7497,65.92688,339.26675,235.23367,0.0100896675,238.05888,230.69862,349.7235,0.011206406,291.15936,284.96368,298.19724,3.3061793,296.83905,0.01171667,349.1334,227.19507,3.347576,285.80826,292.5339,71.453636,297.30804,0.010172959,229.19113,339.78873,290.94012,284.64145
1951-12-31,284.5246,291.07596,71.46639,3.2678936,342.6129,225.40796,0.01082848,294.40924,3.2010808,284.46677,299.2872,0.011297425,349.79596,228.97191,293.04953,284.44516,232.50865,345.85886,0.011481115,265.8777,3.3024461,299.42365,73.48754,299.10275,351.62497,0.011543277,293.28278,3.3583658,287.4505,297.14066,3.3449452,291.18082,285.21796,347.8932,227.91078,0.010953294,292.55124,298.88037,3.521091,0.010501936,345.88,233.71104,284.62613,66.92087,348.0838,225.58841,0.01111172,229.81934,228.68114,348.97067,0.011584018,291.74048,285.99744,298.4059,3.1985826,297.4006,0.011270993,349.39682,233.81708,3.077949,286.0878,292.15985,71.41067,299.43292,0.011159561,232.51984,347.8556,292.92978,286.46707
1952-12-31,282.97855,291.29962,65.69555,3.3834598,342.60336,237.09012,0.010317191,298.90317,3.255822,285.20602,298.64972,0.010503256,344.11124,232.55527,291.52597,286.36337,230.11388,349.4974,0.011311836,292.53217,3.3531451,297.9243,74.54271,297.4351,352.51193,0.011541406,292.58463,3.3558815,286.94464,297.5473,3.165275,291.49417,285.44083,342.69077,226.99257,0.010956874,291.19592,294.36597,3.2525992,0.011343643,348.693,222.92145,284.7505,72.532906,352.278,227.25389,0.011952767,236.58746,231.49487,348.02084,0.011359472,290.896,283.33334,297.70584,3.3024695,298.02875,0.011516581,349.53983,226.93729,3.110498,286.55853,292.29242,68.4544,298.4412,0.010447582,229.7927,343.3219,291.3382,285.05377
1953-12-31,283.5725,292.399,67.9688,3.3092632,344.8154,232.80792,0.010941246,297.18323,3.307682,285.3134,297.02527,0.011273317,345.98557,228.72198,291.14752,286.08023,233.78807,355.284,0.011548226,293.97247,3.2681527,300.2664,73.842255,298.78915,349.11548,0.011560871,292.10065,3.2063036,287.1443,298.66656,3.4006763,292.65045,286.62628,347.46628,229.05342,0.011124365,292.06,296.6109,3.3391368,0.010411898,344.34753,233.4142,285.7909,67.56711,353.09286,228.46124,0.011750501,229.28745,234.5511,348.9091,0.010743832,293.44666,282.4189,300.4857,3.2976532,297.42526,0.011110623,347.4895,235.44392,3.2872782,286.0564,290.88,74.94305,297.69717,0.011246904,228.96524,345.00616,291.5277,283.7113
1954-12-31,283.0579,292.71643,65.9848,3.264965,345.91122,232.9808,0.010935639,299.2024,3.1730773,284.22815,295.45673,0.010739442,343.46902,229.9905,290.23114,285.48328,222.69351,352.74957,0.011614335,291.95294,3.1016955,297.6281,75.33876,297.49295,349.53214,0.011727548,292.58755,3.274976,286.056,297.47183,3.6253955,292.50232,286.70004,349.46988,228.70578,0.011026513,291.44308,296.69263,3.3689148,0.010791695,340.00192,229.21957,283.7844,69.56519,348.20605,232.96735,0.01096299,228.05144,226.95427,353.08664,0.0114969555,291.46622,284.61163,297.50464,3.2393548,297.259,0.01108866,351.9237,233.10773,3.3274267,285.97794,291.6249,77.30332,295.4858,0.011513221,231.06482,345.04642,289.5809,284.5823
1955-12-31,285.5243,290.7664,72.13871,3.2092474,344.26862,227.49178,0.01106212,297.6402,3.3784535,284.91583,297.25528,0.0107040005,344.09717,228.13954,289.49368,286.44308,230.30655,346.53888,0.011096662,291.81876,3.3625307,298.8705,74.140526,298.00693,348.34967,0.01125828,292.25192,3.3540463,285.68384,296.86722,3.364447,291.1387,286.2095,346.04755,227.83032,0.010680933,293.2391,299.40958,3.426041,0.011443311,351.9189,231.70853,284.72943,69.73738,345.9941,232.71535,0.011035057,227.85612,230.28856,347.95682,0.011341898,291.55124,284.3528,297.99023,3.2323594,297.27713,0.011070267,348.86487,231.67279,3.2142677,286.1859,291.7457,73.01975,297.51874,0.010965289,229.7036,346.3216,290.37274,284.9936
1956-12-31,286.25375,292.36002,68.679665,3.2257166,346.44138,229.76184,0.010877473,295.06833,3.2876618,286.88968,297.4935,0.011226833,347.84753,229.65161,292.1937,285.25974,232.69432,351.19946,0.01146254,292.92288,3.230143,298.94925,70.61104,299.22208,348.0371,0.010956678,292.9902,3.553377,285.9659,296.953,3.1909223,290.20135,285.074,343.85562,224.87622,0.010773803,290.9731,296.93466,3.2035453,0.010920699,346.4868,226.07852,285.754,69.673325,343.84796,225.59004,0.011019172,231.41306,231.70148,346.41162,0.011374299,292.17136,283.7415,298.2439,3.2392404,297.77542,0.011373821,349.34158,229.39314,3.2170587,285.77383,290.94293,70.244194,298.90118,0.01079724,230.16103,344.67654,292.48166,286.16956
1957-12-31,284.15625,293.3394,64.20007,3.434102,346.6634,234.99298,0.010695088,298.42548,3.2411454,280.94943,297.7285,0.011053502,346.80792,226.7322,290.9052,285.20093,230.44551,345.09262,0.011047729,292.19183,3.4221888,298.4669,74.08339,298.59106,350.2416,0.011474555,292.6956,3.362304,286.80002,298.60233,3.3457196,292.80157,286.1641,344.90982,235.97588,0.0107218,290.9374,296.89594,3.1967466,0.010731109,340.9952,227.86305,284.9513,70.90615,352.41135,226.50513,0.011636173,227.88899,233.27052,352.02094,0.011208634,292.64294,280.57556,298.32675,3.1823645,298.6076,0.011390337,351.22495,236.50185,3.3392162,285.68906,293.34918,72.49906,295.6686,0.011450812,227.73349,352.12115,292.1938,287.00003
1958-12-31,285.14532,294.3024,65.06845,3.562078,349.40833,235.70732,0.011164797,301.0467,3.4785328,285.43167,298.69965,0.009442791,337.20496,242.42442,291.66415,285.76663,231.73555,346.52765,0.011287235,292.69995,3.2534568,297.08023,74.56512,296.23322,345.85492,0.011317432,292.08606,3.4038458,284.64868,297.72903,3.4048731,292.6587,286.67648,345.78696,234.03151,0.010674708,293.333,299.3972,3.393685,0.011163303,352.72644,227.82364,287.26794,70.53102,350.05624,231.6328,0.011363131,233.68442,226.94601,347.37595,0.011299505,291.07837,282.98914,297.6278,2.8808508,293.99225,0.011612934,352.20795,228.80328,3.2774942,286.3219,292.23596,75.4442,298.41837,0.011596881,232.16675,348.63992,292.34195,285.51382
1959-12-31,284.53958,293.23,69.00551,3.2689483,351.54727,230.08804,0.011393642,299.5196,3.2350976,284.25293,298.85284,0.011215136,349.61847,229.82689,291.9461,284.2423,223.13963,343.7805,0.010965807,289.79007,3.1073089,296.09485,71.75415,298.2205,351.6095,0.011022265,292.12234,3.4799354,286.0876,300.12894,3.5623665,293.67386,286.41733,344.44742,238.77748,0.010347319,292.6703,298.96686,3.2892137,0.011215602,348.5453,229.93715,285.52765,68.90228,347.5512,230.8298,0.011587156,228.16472,229.05795,347.61914,0.0113041345,291.96756,283.77835,297.78647,3.163993,298.1687,0.011074067,350.8959,232.79453,3.246675,286.08572,292.96173,74.74929,294.57883,0.011408614,230.28566,345.70636,291.9786,285.2048
1960-12-31,283.51978,292.0604,69.64364,3.2115452,345.55756,228.52306,0.010887659,298.18686,3.2008805,283.89682,298.97147,0.01070088,344.82523,230.05553,292.64966,283.75296,234.33755,344.12607,0.01123677,292.503,3.383755,298.88513,72.96824,298.41507,347.37155,0.011194552,292.5258,3.2915506,285.83133,296.5424,3.4654284,291.37756,285.36856,340.55554,233.56912,0.010495422,292.241,296.95728,3.1710596,0.011964355,351.07062,217.91907,285.90295,74.75781,354.36026,226.89035,0.011572926,226.9741,234.46053,353.04593,0.011489999,293.24808,285.26025,299.6619,3.5294473,297.78265,0.011779039,350.7582,227.99547,3.1783354,285.67987,292.9361,79.65768,297.69446,0.012163901,226.34631,349.66492,291.1674,286.2688
1961-12-31,286.30997,293.13556,70.67983,3.2284052,351.3902,227.30762,0.011517322,299.162,3.3751345,282.95718,297.22455,0.01074736,345.4981,233.25046,290.10355,285.6305,228.23538,344.52747,0.010684396,290.82794,3.1816897,295.97037,73.66066,298.84268,351.1521,0.011500754,293.17407,3.2306745,287.5053,297.23096,3.3299005,290.00842,286.0791,348.0578,221.52759,0.011266199,292.31696,298.4661,3.2432988,0.010941483,349.0361,233.50049,285.34705,66.759224,351.19803,221.96635,0.011553051,235.7127,224.28433,347.99915,0.011205621,289.91373,284.69974,297.5767,3.235458,297.9902,0.010538018,346.31192,232.73172,3.4177768,283.9219,291.76483,70.28413,299.13138,0.011166366,231.5809,349.14438,292.8118,286.50082
1962-12-31,283.97128,291.47012,70.679276,3.232922,350.4336,223.7191,0.011100775,295.72296,3.3074343,284.96478,298.9177,0.011074801,346.73596,230.87051,291.12677,283.6643,221.38408,352.75336,0.011645499,292.52103,3.1902182,294.8164,72.91085,298.12247,345.8526,0.011043115,292.12854,3.2848098,286.11295,296.5134,3.0573857,291.7516,285.34814,348.24213,222.43788,0.011459838,292.7697,299.62756,3.4584687,0.01156756,353.1935,230.2177,286.75598,68.54057,350.76514,225.3784,0.011424065,223.92653,229.89558,346.36304,0.010797309,292.2971,280.35684,298.67172,3.3008454,298.84485,0.011191047,349.21454,232.18356,3.4951327,286.79535,291.9808,74.05792,298.36057,0.01145887,230.43384,346.80127,292.20343,286.1749
1963-12-31,283.9985,291.51224,69.02549,3.2606573,342.80142,225.98305,0.0103018135,296.70343,3.3119817,280.50037,298.13373,0.010864197,345.09195,231.37569,291.7206,286.63364,234.89992,352.78857,0.011402096,293.67984,3.2261307,299.89874,72.794014,297.70938,346.3346,0.011052654,291.0163,3.292164,284.3167,295.95474,3.0711281,291.57007,285.5204,344.1679,226.58545,0.011274659,292.1753,298.42313,3.3148425,0.011071154,345.55853,230.72147,285.95575,70.53983,347.04742,231.1421,0.011152115,229.28539,231.13591,347.36484,0.010317593,292.71155,284.47647,299.40033,3.4307323,297.74536,0.01071017,342.9524,227.13834,3.2777812,284.7021,291.5606,76.47569,297.05038,0.011515533,225.93297,346.86053,290.38248,286.1333
1964-12-31,284.76904,292.52762,67.82824,3.1949842,352.675,226.37541,0.011308566,297.82724,3.2383933,284.96533,294.37457,0.01077129,341.0267,227.31233,291.72617,284.96442,226.06897,345.0585,0.0111515075,291.6337,3.2867193,297.4808,70.267136,297.19998,344.57825,0.010458757,291.03143,3.412234,285.72363,298.0814,3.2975583,291.94473,285.808,343.21768,230.34811,0.010882208,291.6908,296.92102,3.3423986,0.010897041,344.77148,225.14496,284.01077,70.5728,344.27625,229.98965,0.011483063,236.6022,219.52205,350.11295,0.011847292,291.96542,285.9958,294.7056,3.0523863,298.00394,0.011129301,347.83148,228.55876,3.196088,285.35934,291.13666,72.924934,297.57925,0.010696813,230.76361,341.5207,291.37445,284.38803
1965-12-31,285.98676,291.4114,75.46136,3.135987,348.2712,221.3038,0.011453151,296.83347,3.235367,284.15576,296.21655,0.010882971,345.32715,225.84012,290.19138,285.2347,233.03323,344.4096,0.010550975,292.64847,3.316298,299.25607,77.40912,297.56204,355.84763,0.012093344,293.10056,3.196196,287.79495,298.59442,3.3482392,293.08698,285.18646,345.333,235.79002,0.010552989,290.98447,294.3685,3.4448225,0.010197642,340.49002,234.4593,283.4223,65.75074,345.6166,231.11246,0.011007872,222.6396,224.35936,346.03537,0.011274309,292.07425,285.4748,295.41534,3.2348707,297.85208,0.010841892,342.2107,228.9172,3.1428664,281.786,291.38287,68.98976,297.39474,0.010744599,232.29155,345.825,292.68417,286.44177
1966-12-31,285.2373,291.81866,73.00725,3.1389856,344.12418,228.65894,0.011329491,297.588,3.2305782,282.4507,297.43732,0.011079481,345.75812,225.01588,289.85767,287.31412,218.35345,355.1303,0.01201089,293.01804,3.0848074,297.8595,72.025696,298.86432,347.7826,0.011133356,291.78717,3.2882116,286.31412,298.69397,3.5548894,293.00684,287.31296,349.86896,230.64377,0.010869059,290.87024,297.75684,3.292302,0.010956108,343.50244,226.41609,284.85016,69.129196,346.19095,232.6563,0.011272703,227.70253,223.44579,349.5247,0.011503808,291.7702,285.8911,297.67395,3.2308824,299.07172,0.010849204,346.61032,230.10658,3.295959,283.7959,291.80344,70.35871,299.22812,0.0108559225,230.48589,349.12598,293.04553,286.96478
1967-12-31,285.0473,293.13123,66.0413,3.4007733,347.96298,232.9308,0.010933136,298.76172,3.2431245,285.9868,295.25583,0.01126118,350.85126,227.96027,290.23053,285.39294,230.86746,346.56168,0.01108155,292.3129,3.1915634,298.42444,70.360596,299.00784,349.143,0.010896787,292.84668,3.385087,286.69598,295.5107,3.1587877,291.46857,285.7689,345.60272,226.5864,0.010847032,291.4703,299.4976,3.2945251,0.011365697,349.14456,229.64,285.18988,69.023415,344.82373,233.74171,0.01077861,229.00443,229.00821,348.5761,0.011624525,292.2132,284.662,297.34366,3.2900913,299.32468,0.011664336,350.57794,229.09889,3.2127206,286.93347,293.22833,72.41678,298.05698,0.010992218,231.20052,343.25003,291.76712,285.4842
1968-12-31,287.62668,294.0241,67.706276,3.4624217,353.04892,234.76535,0.011683418,300.3834,3.2614083,286.02063,296.9851,0.011197621,349.567,228.71725,292.71997,285.39496,222.49185,346.92233,0.011075481,291.81918,3.2931666,297.47116,71.21606,298.24866,342.5572,0.010692941,291.9125,3.3277428,284.75256,295.75168,3.1360893,291.36026,285.2419,344.5426,226.46884,0.010793724,292.37994,296.16797,3.4882033,0.010946232,348.05862,223.90245,286.122,68.85019,342.82492,233.1946,0.010511728,228.29214,230.3674,350.5967,0.011158412,291.78876,282.80145,298.3709,3.2752645,299.3761,0.010812623,344.9845,235.84846,3.444453,286.1457,292.78717,75.83202,297.42465,0.011397483,222.87209,349.33887,291.5593,285.7126
1969-12-31,284.48718,292.10092,71.93256,3.1139078,349.13757,226.03197,0.011108052,298.09537,3.3385253,284.3687,297.44507,0.010921696,344.4854,229.68495,290.47043,284.70938,229.73892,346.66672,0.010971684,292.42615,3.2780294,297.671,71.65144,299.51172,352.78897,0.0114930095,293.6789,3.316177,287.86203,298.68024,3.4292812,293.49268,286.66495,350.6062,229.49913,0.011644217,292.0408,298.68423,3.504336,0.010642838,342.97128,233.64755,285.35477,66.80668,347.33548,229.90091,0.010950869,233.23688,231.87642,345.98703,0.010316478,291.28122,281.13058,299.1103,3.5353475,294.35425,0.01132172,348.25745,224.2805,3.06105,286.00638,291.02747,68.58618,299.42737,0.010416041,235.65546,346.68732,292.84494,286.36978
1970-12-31,285.4002,292.03604,71.3286,3.1671193,347.28415,229.24522,0.011242989,297.86237,3.2768502,283.83197,297.55972,0.011125993,348.337,229.0554,291.50497,286.5321,233.11188,346.39658,0.010878597,292.65225,3.150509,298.0129,73.94303,299.07388,350.8159,0.011494428,293.0653,3.3349624,287.05487,298.97275,3.4058707,292.6812,286.40836,342.99435,231.51184,0.01086755,291.96603,299.21448,3.3612993,0.011216009,352.83026,228.61145,284.89548,67.39676,347.43674,223.447,0.011593187,226.85556,227.70213,350.43134,0.011658637,292.56207,286.7615,298.3543,3.1712496,297.94238,0.01121473,348.8357,227.1689,3.3202994,286.38437,291.7527,78.87851,296.25357,0.012196957,223.94029,351.50317,292.21817,285.83252
1971-12-31,282.23013,292.51828,68.055374,3.3224964,346.15488,229.23355,0.010751071,298.7718,3.1848814,284.1399,297.45935,0.010959443,346.9313,230.98074,291.11978,286.46033,232.2833,346.94165,0.0108054625,293.07764,3.3967774,299.64978,75.73115,296.80307,346.72037,0.011263571,291.89523,3.333451,286.13986,299.39737,3.5688193,293.34802,287.25885,348.75378,232.01537,0.011423084,292.88934,298.74954,3.330809,0.011437752,351.57278,222.69482,287.0288,70.6607,347.76373,221.39754,0.011805511,225.3199,230.49687,347.54477,0.011168845,292.564,283.17575,297.92038,3.1219757,297.4116,0.011333677,345.53455,223.88066,3.0455873,284.99448,290.74585,76.59231,297.4041,0.011593886,228.7051,347.34317,291.36816,283.69263
1972-12-31,285.94543,292.68088,70.029076,3.094956,346.72397,227.53917,0.0115629835,298.63986,3.2392905,283.08154,296.33395,0.011121865,349.98294,226.67763,289.69424,287.32803,225.9107,351.41193,0.011619238,292.3791,3.359056,298.26538,74.928696,298.29068,348.3186,0.011408424,291.88602,3.121842,287.118,297.85086,3.3065329,291.8221,285.79733,344.17477,230.4478,0.010860306,291.50864,299.20743,3.200002,0.011238274,351.00275,230.29922,285.53223,68.640915,350.19794,229.6665,0.011236123,226.72072,218.67409,349.8746,0.011276896,289.60675,280.86646,296.1604,3.2408483,297.54764,0.01057842,345.63754,232.11374,3.3893175,283.36526,290.40405,73.95475,296.32953,0.01162096,230.12894,350.698,291.2132,286.90445
1973-12-31,285.86322,291.59143,71.62851,3.0567625,350.5223,224.22723,0.011383889,297.306,3.3082676,284.6205,296.00867,0.010794419,343.1774,231.4133,289.07965,283.76263,232.52562,345.768,0.010975091,292.37982,3.3571937,297.7779,72.64313,297.82703,348.50452,0.010900217,291.8435,3.3471305,285.09378,295.53094,3.256464,291.73706,286.2752,348.52377,222.75838,0.011252599,291.3531,297.76678,3.3896708,0.0106187295,344.63055,230.88011,284.132,66.7319,349.39053,228.76451,0.011208374,233.32751,221.70091,351.8768,0.011980561,289.77423,286.04666,295.99597,3.061433,297.67154,0.010875053,346.47778,230.40407,3.2307343,285.98392,290.64093,71.51035,298.70602,0.010860443,230.12575,350.0718,291.8589,286.68402
1974-12-31,281.18353,291.38196,71.17015,3.3138509,342.9053,228.51527,0.010887246,296.72043,3.2105334,283.03455,299.58627,0.011328656,349.61328,230.44617,292.49155,284.8452,220.80557,349.14322,0.010942253,291.2776,3.0803018,296.08914,72.602196,297.7258,344.04285,0.010650807,290.78015,3.266189,283.93347,298.45523,3.171572,291.7872,286.6351,349.94205,229.3043,0.011339066,293.18582,299.0027,3.0977774,0.011864031,353.86,221.89098,285.7934,73.23052,346.26718,223.34715,0.011688872,231.74403,225.17603,349.43353,0.0117066335,292.45395,286.25174,297.8929,3.2097697,296.80966,0.011358552,351.40265,222.77179,3.201412,286.49042,292.0669,72.2344,299.21463,0.0111523485,229.55907,348.29877,293.04575,286.89673
1975-12-31,282.122,292.97363,63.203705,3.3866951,345.4426,231.93684,0.0099783875,299.03,3.2821577,284.72034,298.32144,0.011146769,350.62747,228.06067,292.34042,283.9748,222.94865,353.35757,0.011765815,292.07974,3.3045237,298.64084,72.46912,297.8548,342.3751,0.010586989,291.62756,3.2487679,285.4164,298.1707,3.1290112,292.9835,286.93817,349.9513,229.23953,0.011735244,292.9273,298.84467,3.1477318,0.011640648,349.92303,230.09938,287.03354,72.25363,347.0645,227.40771,0.011391081,228.12581,224.09962,348.1552,0.011396372,291.1661,284.6978,295.28336,3.150527,297.85486,0.010981653,350.06802,228.44063,3.3251967,285.96198,292.7246,71.37689,299.21542,0.011093418,230.45145,349.64175,292.05743,286.593
1976-12-31,287.03162,292.49957,74.5997,3.1223505,352.21924,219.03325,0.012035612,297.9754,3.255892,282.20474,297.3589,0.011143929,347.34387,227.3817,292.17084,284.50726,232.69919,342.72195,0.011095223,292.25223,3.4720972,298.34268,73.90166,298.36194,350.83075,0.011244154,292.56293,3.2150142,286.81012,297.35553,3.2369773,292.71603,286.43494,346.26135,237.38281,0.010543568,291.4522,294.3554,3.2330046,0.011486582,349.158,228.6582,283.75146,69.22268,350.53397,231.25548,0.011132682,223.28622,237.35847,339.00595,0.009349894,290.21082,279.8452,299.10477,3.650351,296.7953,0.011233256,347.89386,227.94722,3.2507217,285.45386,291.9291,71.023445,298.30057,0.011003261,229.3679,350.2326,292.97086,285.97333
1977-12-31,286.67432,292.0381,69.88201,3.3083754,348.09753,231.69354,0.011475634,297.2951,3.2418103,283.7481,298.26056,0.010883615,346.76968,232.82097,292.61124,284.86478,234.98853,346.27032,0.01082808,292.23218,3.3807845,298.70697,74.427155,297.74384,350.79507,0.011679524,292.735,3.290846,286.94232,299.488,3.1802108,294.01483,287.7246,350.1458,232.02715,0.010879955,290.90097,297.1325,3.3978443,0.010881373,341.7599,228.8985,283.8696,67.92163,349.29742,225.76416,0.011622258,232.93234,227.15369,353.58945,0.0116169825,293.04913,283.95236,298.92535,3.0280273,297.64008,0.01151722,349.19128,222.03415,3.185443,285.68277,292.08423,78.30797,297.22446,0.011815682,222.6575,348.7789,291.646,286.06577
1978-12-31,283.01566,291.81693,69.060974,3.4043095,344.62604,227.09795,0.010940404,296.53992,3.1833212,287.05777,299.01477,0.011344704,350.74478,227.14673,289.81046,286.90637,226.17032,354.43497,0.0118047455,292.78992,3.329836,297.9233,72.80937,295.95047,346.02423,0.01079159,292.29285,3.1479955,286.1613,297.73865,3.4229324,292.47195,285.57703,347.02368,232.15146,0.0109349135,291.59378,296.47662,3.122275,0.011158244,346.69556,222.42993,284.26947,73.02851,348.23297,225.8986,0.011169504,227.71632,224.7443,348.77487,0.011572761,291.33255,285.66296,296.99722,3.3105898,298.9804,0.011110592,350.37128,230.4197,3.3393662,285.78775,292.78998,73.60642,296.91153,0.011296272,228.58719,346.55502,290.99817,286.0869
1979-12-31,286.48837,293.26266,70.26119,3.3198035,352.1012,228.96115,0.011666188,298.43768,3.1467004,285.1592,297.6348,0.0117920805,351.8947,228.65422,293.45273,286.55283,229.0334,350.47916,0.011496586,291.78503,3.3471625,299.53223,74.49784,298.39902,351.3732,0.011633971,292.826,3.3206387,287.25226,295.88458,3.244586,292.01434,286.38763,348.95587,223.61191,0.011608569,293.26068,298.56693,3.4167995,0.01172926,350.7411,231.07994,285.5541,70.4635,344.66278,233.35818,0.010921509,231.06496,231.81693,347.1606,0.011145999,291.795,283.12747,298.0164,3.2685869,298.37726,0.0112976665,347.6034,228.83981,3.1914322,285.45197,292.28546,70.80057,298.90997,0.011595523,232.29836,356.18378,293.59305,287.56067
1980-12-31,285.38162,293.1385,69.82738,3.2574527,351.10187,230.41562,0.011696262,298.48203,3.443132,284.92993,298.26224,0.011556113,350.56824,225.96494,291.55768,281.99094,228.23083,345.86148,0.010858977,292.15393,3.3175325,297.3428,72.246544,298.6524,346.3198,0.011012187,292.49524,3.2752662,285.5349,298.1163,3.080751,292.07547,285.22543,346.39288,224.85094,0.011522229,291.82883,298.7073,3.3385267,0.011339902,350.04193,224.5028,285.03653,72.21765,345.62003,228.38808,0.011078328,231.04587,224.12442,348.2896,0.01144301,291.2832,284.5644,297.1781,3.3554862,296.28644,0.011525645,348.08322,222.8119,3.2398717,286.3778,291.73386,76.398895,296.69754,0.011367669,222.25485,350.38315,291.85718,285.45007
1981-12-31,284.8271,293.10886,71.462105,3.4223027,354.1457,226.29025,0.011813634,298.11035,3.2367797,285.55554,295.66925,0.011390116,349.49026,221.89012,292.26392,285.27057,225.11342,355.74707,0.012146973,293.32916,3.1323328,298.1395,72.33581,298.57724,352.46234,0.01144934,293.53333,3.2997758,287.656,298.38394,3.2721386,291.84082,282.86978,343.7844,235.81218,0.010094993,291.9293,297.86813,3.317233,0.0112247495,345.8354,226.35727,285.2628,72.75582,345.0545,230.83293,0.010884107,220.63167,227.89124,351.82312,0.011253405,292.52612,286.68472,297.53638,3.1252608,299.83795,0.01083072,345.98996,237.7791,3.417194,282.33414,293.09274,69.805466,297.52277,0.011189117,235.67546,349.74307,291.97226,287.2272
1982-12-31,285.90573,293.80954,67.190605,3.5760562,353.01205,231.63301,0.011689084,298.43146,3.1731105,286.89362,298.96323,0.011695059,352.83682,231.79324,290.4104,282.8358,223.45425,348.5249,0.011232974,291.9092,3.1954901,297.74802,73.63041,297.64172,348.10037,0.011233031,292.4053,3.3061523,285.53867,298.28952,3.226416,293.40543,287.71695,353.06464,227.03378,0.011833191,291.278,296.86627,3.0615067,0.011063699,346.49466,216.9684,284.91425,73.92624,349.59152,221.78207,0.011286896,232.4636,228.2804,346.19495,0.0111411465,290.24466,283.58057,296.94073,3.2510574,297.22693,0.011175647,351.1125,236.05458,3.3360198,283.453,292.45572,75.89164,297.75705,0.011343575,229.95393,346.0339,291.72592,285.71613
1983-12-31,286.3489,292.39795,70.33681,3.1917715,347.9794,223.7763,0.01115647,298.46506,3.1975446,283.88187,297.03107,0.011485949,348.52936,226.74362,292.0952,286.08203,221.11548,346.95483,0.011088902,289.99506,3.2567968,296.4196,73.43774,296.44,345.1035,0.010686855,291.2843,3.2667458,285.2878,296.8354,3.1648772,291.93747,285.3705,343.62967,232.95163,0.010234489,291.42322,297.02512,3.2069182,0.010926033,345.86118,220.35388,284.9806,72.961174,339.61276,229.41078,0.010137984,231.4693,229.17125,348.792,0.01095265,292.6862,283.9385,298.26907,3.2693944,297.30206,0.010570438,344.4007,230.64073,3.2742395,284.62103,290.946,76.61426,297.6147,0.011506115,225.71944,348.4368,291.8256,285.31717
1984-12-31,284.03644,293.4024,67.261215,3.3864632,353.51047,229.02715,0.011257835,299.5564,3.4633007,282.93933,298.03427,0.010832724,347.26416,231.11038,292.469,284.7422,228.71895,346.91318,0.011191665,292.525,3.2963576,298.65854,74.509796,297.70465,347.56662,0.0112804985,291.7175,3.1968603,284.9267,298.0379,3.171299,291.6654,286.99847,353.0798,223.96103,0.011509535,290.41748,296.4529,3.331769,0.0107880095,346.46133,226.11139,286.0006,70.98859,350.5633,232.1326,0.01095279,231.28339,232.22868,348.17783,0.010858697,291.60834,283.72284,297.12546,3.2548442,296.76782,0.010913482,347.88718,227.31898,3.2694952,284.4,291.44757,74.60343,298.33218,0.011624915,226.61426,351.52185,291.72675,285.97263
1985-12-31,283.601,292.70517,71.58391,3.1127656,351.82925,227.00539,0.011228046,297.7336,3.2840018,283.7094,297.3983,0.011194808,349.10803,229.24312,290.45877,287.20642,229.87099,351.61377,0.011820723,293.2679,3.2574198,299.34668,68.80043,298.4539,348.0059,0.010631984,292.64383,3.3474102,284.463,297.09567,3.3354807,291.7433,285.55173,346.23706,230.33653,0.010979975,292.3958,298.58432,3.267789,0.011165452,347.6996,229.49725,285.3986,68.04606,354.07156,231.05858,0.011873505,240.73721,229.54762,349.9724,0.011194482,291.09384,284.93408,296.3843,3.197166,295.31134,0.011606403,350.24274,226.08035,3.2095175,287.00278,292.83627,72.67403,298.02393,0.0113210445,229.05849,351.7179,292.12756,286.31265
1986-12-31,285.6978,293.13306,70.14257,3.2270682,351.06964,230.07602,0.0117061455,298.14267,3.3343174,285.9869,296.7908,0.01139627,349.70535,227.31346,290.235,284.79175,234.29541,347.9213,0.0109778475,291.8174,3.2274601,298.1572,70.08565,297.0896,344.36142,0.010575402,292.2175,3.3025641,285.69336,297.91498,3.403607,293.3926,286.39523,350.92578,233.33636,0.011056761,291.9764,295.78525,3.353493,0.010865746,344.34866,227.62836,284.8214,68.6033,341.78235,232.50859,0.01070927,230.65506,229.05211,347.68405,0.01106661,292.76477,286.68573,298.8359,3.3590925,296.97372,0.010997369,347.26636,229.5639,3.3377328,284.82666,291.74802,72.67142,296.51575,0.0115581,226.49426,351.72794,292.12796,285.54034
1987-12-31,285.20004,290.95688,72.992134,3.2255123,345.31857,229.22433,0.011444885,295.89456,3.3246315,282.89975,299.32825,0.011162889,349.12512,230.31342,291.49896,285.90128,228.60529,348.309,0.011096645,292.79578,3.2132912,298.9522,70.688484,300.09207,352.12555,0.011132221,293.58517,3.2962778,287.03253,298.55933,3.2982454,293.5947,287.79532,354.3496,226.82712,0.011947331,291.77048,296.90924,3.4018984,0.011093005,345.56567,226.60522,284.2253,71.20691,349.7744,228.23222,0.0114162965,231.42726,227.05681,345.99884,0.01104291,291.9938,285.9325,297.27246,3.2058573,294.99094,0.011379683,344.5034,225.72716,3.0378914,285.92996,291.6665,73.32848,297.75192,0.011100224,229.2118,350.58728,291.62076,285.5821
1988-12-31,286.87415,293.3772,71.9427,3.2454393,354.85095,226.96419,0.012220964,297.5316,3.1787276,285.49072,297.2103,0.011169607,348.6973,226.39822,292.15424,285.9015,230.21788,353.42868,0.011808369,293.39926,3.3180175,297.74182,75.39807,296.99118,352.3462,0.011669556,292.7936,3.1405272,286.04892,298.2517,3.0279949,291.5415,285.6535,352.03436,223.47339,0.011953905,291.9264,298.24112,3.2680128,0.0107942475,345.70258,226.99887,285.61502,71.22443,345.18027,235.66139,0.010870089,227.77945,228.34155,352.14334,0.011901282,293.0802,286.3339,299.02527,3.2941186,298.52368,0.011494621,351.5319,226.68553,3.3412704,285.74448,292.536,71.69434,298.1833,0.010994533,230.23625,350.4626,292.93997,286.8246
1989-12-31,283.58218,291.03516,70.84946,3.257828,351.6102,228.54149,0.011540243,296.9485,3.3776662,284.69388,295.11255,0.011322302,349.3862,229.94153,289.11206,286.6698,230.4789,350.55664,0.011182188,291.89102,3.2669687,298.82108,73.6108,297.74295,347.1028,0.011209693,292.3281,3.2823036,285.30292,297.98935,3.3688881,292.59937,284.74573,351.82922,231.50026,0.011345358,290.92166,300.06302,3.3328161,0.011098602,350.46204,231.85094,285.924,65.68685,351.37787,236.99469,0.011345884,228.66133,222.5583,350.8617,0.0114428885,291.64783,285.13324,297.28882,3.1612198,296.8186,0.011706104,349.06296,224.76448,3.23225,286.45093,291.24774,69.82228,295.79553,0.010488377,227.99493,343.95218,291.2769,285.90674
1990-12-31,287.33505,293.57162,66.28647,3.2743104,351.0458,232.29997,0.0115746325,298.2423,3.2929842,284.33167,298.97586,0.0116621265,352.50052,231.212,292.82935,285.0057,224.70317,350.05453,0.011357237,291.50018,3.2114127,296.40167,76.418465,298.55237,354.7354,0.012429859,292.6898,3.181465,286.92197,298.94168,3.3470802,292.93857,286.93546,352.93436,229.73071,0.0113731595,292.5035,297.76004,3.1825716,0.011032318,350.3921,228.94247,285.66122,70.132225,353.74527,235.04057,0.011327069,225.04832,229.10295,353.038,0.011166854,291.7759,285.47186,299.6266,3.4119322,298.356,0.011064333,349.67236,227.86221,3.2941735,285.3001,291.37848,72.86177,298.6507,0.011012006,230.81339,347.91376,292.42157,286.26834
1991-12-31,287.50266,293.18066,72.8074,3.2855742,358.23447,223.26761,0.01188248,297.18372,3.2891395,285.1254,296.35757,0.011535399,352.46216,228.74948,292.73083,284.6411,227.62938,350.42175,0.011571772,292.03235,3.4048796,297.86258,73.42712,299.07294,351.70966,0.011523948,292.23578,3.2620108,286.07443,296.97348,3.2565858,291.96503,284.6186,348.91965,227.11601,0.010879893,292.1822,297.6659,3.387555,0.011799744,348.4467,224.32329,286.67227,72.20787,353.03723,221.11702,0.011827135,237.07149,223.78275,348.8156,0.01105772,289.9923,284.30807,296.48117,3.2030568,295.83545,0.011821197,352.33102,222.95926,3.2202158,284.59164,292.63895,72.57688,298.59946,0.011181409,228.96927,348.52066,290.0765,286.35403
1992-12-31,285.51956,292.2852,70.12222,3.2144191,349.02438,223.03163,0.011076159,297.38666,3.106555,284.8253,298.08206,0.011377748,349.85123,226.0039,290.6047,284.89032,224.34085,350.05734,0.011215668,292.22507,3.2728577,297.14932,72.794876,297.90552,345.73117,0.010925278,292.55414,3.1400893,286.4041,297.59335,3.1851158,291.8088,286.0712,347.79965,225.1167,0.011096357,291.15958,297.0057,3.2529366,0.011049781,347.5988,225.23613,286.1547,70.38872,344.91776,229.85664,0.01071302,230.68248,228.53723,350.20438,0.011340147,292.25055,282.98917,298.31747,3.2022982,297.81448,0.011567839,349.41486,220.3356,3.2008233,283.79944,291.26022,75.56106,298.23206,0.011433989,227.46645,348.4126,291.4909,286.51407
1993-12-31,284.79745,291.81348,69.82066,3.1396093,349.5959,231.17938,0.011069915,298.86542,3.2363122,287.4908,299.3375,0.011682747,353.60526,227.62643,291.72202,285.58444,226.03108,348.7923,0.011454115,291.64984,3.307658,298.54187,73.706795,297.9069,346.8719,0.010890208,292.00037,3.1057367,286.09363,297.46793,3.0423875,291.34924,285.2302,341.8006,230.27946,0.010837812,291.5374,298.0823,3.0716727,0.011449237,348.96994,223.88937,286.62787,72.16983,353.18216,233.22218,0.0113658765,225.74022,228.26614,349.70053,0.011851565,291.87582,284.5238,298.5077,3.1212134,298.8607,0.011621359,350.97644,232.62944,3.3074694,286.03867,292.01523,69.06184,299.70892,0.010805988,229.6608,349.9419,292.57224,287.05087
1994-12-31,286.33047,290.70422,77.275055,3.1077743,349.27948,222.67508,0.0117532965,295.96918,3.325271,285.81097,298.97,0.011915552,353.06436,227.86179,293.1952,287.4303,230.55354,351.71057,0.011592568,293.41086,3.3083189,299.39572,77.82643,297.06747,352.63797,0.012113493,292.43427,3.1956081,287.02274,299.3814,3.2771592,292.82065,280.64267,347.51575,232.12254,0.011112538,291.77557,297.44498,3.187012,0.011819666,351.86752,217.63307,285.36288,73.019165,344.82538,229.84007,0.011009146,232.72005,232.91162,348.04974,0.011107539,291.88452,281.75034,298.79794,3.433822,299.45505,0.010565015,347.58475,233.061,3.300671,283.70264,292.7509,70.85563,298.78217,0.011003796,228.61455,347.13968,292.63885,286.4542
1995-12-31,285.23212,292.41898,67.387566,3.3957927,346.9925,235.54698,0.010885152,298.84616,3.242189,284.64975,297.84778,0.0114683565,351.5522,229.02284,291.24493,284.0784,225.90079,349.03577,0.011183657,290.37863,3.3473704,298.22433,76.710335,298.829,357.093,0.012239819,293.35138,3.186478,287.10086,298.81107,3.423668,294.0791,286.87317,349.9775,238.69179,0.0109463595,293.34616,299.0722,3.0298915,0.011876972,353.67303,225.70673,285.20847,71.640884,346.07336,234.17445,0.011025004,232.30675,232.90315,347.75922,0.011398515,289.90997,284.7296,298.3743,3.204246,298.56802,0.011843808,356.8035,225.17906,3.1188772,284.59528,293.59253,71.30546,299.24487,0.011233665,228.70639,352.80063,292.90024,286.7206
1996-12-31,286.53485,292.85254,67.10232,3.0499184,345.91833,232.73976,0.010799148,297.492,3.2909515,286.50003,298.99533,0.011335082,351.59293,228.31966,291.96402,286.66605,232.72057,350.18033,0.011133693,292.77127,3.2615018,298.92432,77.22104,298.44843,355.4532,0.012106403,292.69968,3.165651,286.9507,297.12338,3.2825208,292.56482,286.3747,345.5539,236.13835,0.010419744,291.22263,297.71982,3.2880213,0.011208297,347.58182,227.1568,285.46686,70.4265,350.72754,233.51726,0.01124115,233.28514,230.34015,349.40753,0.011311592,291.7408,286.3561,298.78473,3.336058,298.12073,0.011561056,348.40027,227.3071,3.3423166,286.44333,292.27002,73.26237,298.34515,0.011161843,227.25807,347.29697,292.19266,286.11334
1997-12-31,284.94577,294.05234,62.54329,3.5266292,351.64114,234.42188,0.011109371,300.64084,3.248837,283.84808,295.61734,0.011660925,354.54355,228.91281,292.2271,285.64447,223.27737,348.30255,0.01139091,291.31146,3.198028,297.76498,72.0163,299.2651,349.6249,0.01158746,293.0516,3.3412645,286.04068,298.88763,3.4964,293.0854,286.47083,354.38614,227.68295,0.0112552745,293.70496,299.48044,3.0804834,0.011925143,353.8751,229.22379,286.28946,69.90018,356.43198,230.48782,0.011894742,229.60942,227.43512,352.99738,0.011779247,292.80774,284.5637,296.21558,3.358894,297.89725,0.012161955,354.63773,230.49602,3.2067196,287.73636,293.65213,75.4026,297.331,0.011717575,225.827,351.29477,292.2909,284.32327
1998-12-31,286.84106,293.43015,64.78807,3.330912,349.60406,234.35963,0.010758981,300.05005,3.1615815,284.74222,298.3184,0.011794618,352.9719,226.73732,292.35898,281.9903,228.76985,351.54468,0.011398863,292.10446,3.0435286,298.08868,67.83168,299.81522,348.91748,0.010770011,293.1509,3.3817546,286.58386,297.7039,3.192549,293.61725,287.85904,353.47015,231.67029,0.011474241,291.86923,297.4929,3.0796466,0.011636196,351.9676,224.97868,287.07208,71.48188,344.81537,236.6991,0.01109372,227.97913,222.03076,353.02863,0.011906808,292.4751,284.62625,297.8868,3.0050685,298.9265,0.011494475,353.708,230.72783,3.1966767,286.31332,293.4609,77.17718,297.44983,0.0118018715,224.81535,351.62924,291.78894,285.384
1999-12-31,285.71387,291.1101,75.94772,3.0197723,352.89746,220.26616,0.012022367,296.53348,3.1208208,286.02377,297.0457,0.011550327,350.38556,229.36893,291.12134,283.79633,235.21292,345.5873,0.0108086495,292.5327,3.2570288,298.86496,70.56271,299.59857,349.45428,0.011195916,292.991,3.1441193,285.55466,299.98666,3.297227,294.47055,288.1186,355.51392,237.53082,0.011520492,293.98288,299.4763,3.1631134,0.011272471,354.1798,229.07332,286.91043,65.84887,358.57605,231.6085,0.011972634,230.01596,227.55713,354.95358,0.011812722,291.67264,284.99036,299.26273,3.1518502,298.90186,0.01123895,350.70612,233.16652,3.29224,286.82538,293.30066,79.356544,297.97974,0.012124189,223.6082,351.24713,292.40872,286.79715
2000-12-31,287.26318,292.76883,74.303444,3.2207012,353.94357,225.52582,0.012142958,298.27432,3.2903967,284.2365,297.27432,0.011796372,351.78592,224.3348,290.77646,285.8824,225.42406,356.57883,0.011620039,293.48602,3.215424,299.4572,67.27223,299.00967,347.62454,0.010570989,292.30823,3.2065444,284.78784,299.9991,3.3470345,293.69455,286.57733,353.21002,233.77571,0.011488703,292.06842,297.42648,3.1118777,0.01194309,353.3405,220.01967,286.71805,74.678955,357.06488,227.64142,0.0121235,233.4865,222.10693,356.28235,0.012188958,291.52805,286.20505,296.01135,3.0530732,299.20367,0.011489674,351.96762,231.2685,3.3202815,286.21048,293.12347,80.84235,296.79703,0.012001848,222.18575,351.8142,291.4711,285.32327
2001-12-31,284.23532,290.5916,74.257225,3.076405,348.1185,225.77122,0.011440583,296.10205,3.1209366,284.74936,296.79175,0.011483028,352.90518,229.32025,293.21194,284.03397,232.57547,352.06403,0.011703898,293.484,3.116422,299.72775,75.259834,300.34378,357.70288,0.012451159,294.55762,3.0965955,288.78973,297.18173,3.2769513,292.78516,286.73096,352.0807,226.72981,0.011524625,290.6357,298.17404,3.2819276,0.01144732,350.50296,226.20793,284.20004,70.67371,351.6594,229.26445,0.011853279,232.05362,231.48154,349.63284,0.0110766785,292.62912,284.25748,298.58527,3.1683962,299.78964,0.011125643,351.2609,236.31627,3.297614,286.8271,293.31168,73.91544,298.45535,0.011480916,231.31644,347.5229,291.5701,286.38113
2002-12-31,286.12454,292.98813,69.2824,3.1453397,351.31293,232.62465,0.011395386,299.07544,3.189683,286.77618,297.79138,0.01140241,351.98453,222.66959,290.25864,286.62787,226.503,356.9698,0.011852097,293.2292,3.256032,299.02206,73.05948,298.57907,352.35025,0.011628433,292.42682,3.236531,287.0629,296.1844,3.0995805,293.0485,287.53268,356.25027,221.555,0.012402118,293.56732,299.74057,3.2084186,0.011687711,352.61185,231.81699,286.6365,64.4236,349.7227,227.22163,0.011320658,235.65242,235.15599,350.53476,0.011231556,293.6076,285.67682,299.92206,3.3479793,297.24045,0.012351203,356.8897,222.94447,3.2048728,286.3972,293.06927,66.41424,302.08963,0.011463484,234.55528,360.8546,295.597,288.43
2003-12-31,284.20724,291.21432,68.68749,3.2892902,349.24265,232.30241,0.011393635,299.05304,3.2953775,285.444,297.64432,0.011673198,354.14932,228.1237,292.31897,283.54117,231.30768,355.74484,0.0116475485,292.81836,3.2063332,299.71344,74.46229,298.48712,354.4984,0.011844527,293.42996,3.0306654,286.71964,299.51385,3.1282985,293.30698,287.10004,354.37216,231.76588,0.011654386,292.4392,298.6745,3.256447,0.011235503,351.11603,233.01839,287.01752,66.97213,355.62405,234.0888,0.011742138,233.01,233.60391,350.31067,0.010937509,292.16977,280.31778,297.67633,3.4417193,299.79742,0.010893009,349.33167,234.80334,3.307982,284.66745,293.0,76.46004,296.21622,0.011996755,227.10846,352.77405,292.9118,286.30182
2004-12-31,282.41095,293.88312,65.34455,3.323661,352.5911,235.50166,0.011363936,299.59235,3.206268,284.39145,297.21,0.01137932,350.8176,230.70251,291.21112,286.65872,231.39848,347.41043,0.011244809,291.90118,3.1937203,296.3167,76.14126,298.3201,356.28595,0.012231321,293.37808,3.155652,286.78998,299.7052,3.1197824,293.63705,287.5686,356.48245,225.89493,0.012388167,293.4008,297.99915,3.1838052,0.011925889,355.61472,229.79007,285.55392,70.331894,354.66837,230.31413,0.011433939,234.45944,225.22871,353.59766,0.011946467,292.50034,286.83185,297.2778,3.177194,298.6459,0.011642693,351.25916,229.26283,3.097455,285.77847,291.79053,76.93308,298.36423,0.011733364,225.88104,350.89606,292.53018,286.67072
2005-12-31,284.8513,293.6914,66.83367,3.2764375,353.09708,235.03719,0.011552582,299.2469,3.232557,284.12006,296.25018,0.01211709,353.55515,227.354,290.57117,287.87183,230.63075,356.24893,0.012020563,294.0414,3.4255204,300.20544,72.80267,299.22458,350.76166,0.01158262,293.17813,3.1038356,287.1305,300.01492,3.2757287,292.83224,287.29114,353.94608,231.58757,0.011760732,293.69504,298.99274,3.16071,0.01176415,355.71866,232.5991,286.72827,69.43199,357.82507,224.49974,0.012180449,228.84029,225.98344,356.98367,0.012486552,293.61514,286.43646,299.13635,3.0244114,298.9427,0.012051859,353.2636,222.6514,3.1562974,285.59766,293.03146,71.12074,298.7098,0.011186958,228.95224,349.04065,290.95145,283.44333
2006-12-31,287.13898,293.3355,67.90676,3.3050141,357.145,233.39459,0.011836582,297.02368,3.2500882,285.0277,297.9385,0.011945224,355.96387,222.74615,293.07355,286.16537,230.62106,347.52988,0.010906664,292.28394,3.1555128,297.54227,76.32542,299.70276,359.08942,0.012559387,294.0932,3.3084407,288.4582,297.77026,3.1069903,293.24265,287.87924,357.1888,218.37234,0.0126456395,293.23032,298.55197,3.2692728,0.0113657275,352.20694,232.30911,287.0789,68.70196,352.67105,230.44241,0.011687526,232.52266,228.75613,354.36282,0.011727626,293.14667,284.09705,298.2143,3.1586895,298.9865,0.012179922,357.505,228.88225,3.1521766,286.9472,292.9162,67.286385,299.98196,0.011032335,235.28825,352.86353,293.61322,288.14108
2007-12-31,284.64017,293.95444,66.75755,3.1744602,354.9608,232.06178,0.011686088,299.23502,3.148852,286.0822,296.0351,0.011920422,353.31158,230.59908,293.52783,286.25375,226.06888,347.37375,0.011342098,290.4647,3.1570914,297.94586,72.104164,299.66818,356.03445,0.011778656,294.18198,3.16125,286.24744,299.18518,3.1346538,293.31668,287.4527,356.75677,226.19023,0.012259137,293.34906,299.42752,3.1965933,0.011723094,352.98346,233.13803,287.3289,69.34162,357.8196,231.81012,0.011564792,235.08209,231.48378,353.1171,0.011714747,293.5705,286.7269,299.56802,3.3069603,297.93542,0.012534451,359.43378,228.8441,3.179569,286.73132,293.53513,76.360054,299.6188,0.012447891,227.56404,356.78018,293.78476,287.86444
2008-12-31,287.0404,293.07303,69.42705,3.1712182,351.686,232.8294,0.0114260595,299.08704,3.2643654,284.37375,297.79446,0.01123098,349.11786,234.81029,291.4359,287.07922,230.84348,357.9642,0.011952633,293.97186,3.080289,298.3655,70.02803,298.66315,349.71634,0.011080629,292.84027,3.4219592,286.23215,300.2745,2.8801608,293.87585,287.47736,355.10916,231.6375,0.012393619,293.0543,300.0764,3.2140787,0.011332454,355.7364,232.96323,285.26266,68.57804,353.75415,234.84566,0.011612973,230.81741,223.41415,352.88763,0.011851089,292.71838,285.60892,297.41113,3.1416025,299.95093,0.012184199,356.1323,230.37746,3.0321507,287.68097,292.93564,77.65265,299.12073,0.012473404,230.29257,353.34695,292.54538,287.6706
2009-12-31,286.20587,293.57803,65.382744,3.2898812,351.38315,236.83522,0.0110247275,300.09818,3.2965977,285.39865,298.67834,0.011823248,353.66785,222.38954,291.17303,287.29688,232.39546,357.4675,0.0122327125,294.03925,3.076189,299.1788,71.65016,299.84106,355.06927,0.011559912,293.595,3.516001,287.35638,299.22394,3.2289739,293.4035,287.57867,356.33878,225.01309,0.012413788,293.77774,298.2069,3.0669212,0.011955037,356.1314,230.6852,284.52832,69.83123,354.84515,232.66475,0.0118240435,232.15244,229.83534,352.7777,0.01192408,292.269,287.35236,298.83316,3.2937212,300.61075,0.011211784,355.2247,235.73735,3.3071258,288.02026,294.72125,77.320305,298.53455,0.012127608,227.537,353.65384,292.9332,285.6363
2010-12-31,285.58603,292.55206,68.15171,3.2994459,351.65317,232.41423,0.011542417,299.5532,3.206553,284.9473,298.87787,0.01161741,352.29782,234.02522,293.5085,286.58258,228.53539,358.78293,0.012313487,294.12872,3.0870385,300.4914,73.10758,299.56494,357.95068,0.011937101,294.22928,3.2611876,287.26382,299.57056,3.2353191,293.7331,287.8954,361.245,223.20502,0.012666594,294.07355,299.1957,3.1645193,0.011604425,356.19434,233.94028,286.54916,68.73859,347.25635,233.21497,0.011124358,230.97757,239.24586,347.78513,0.010650418,292.19785,284.48608,299.9834,3.2958496,298.9269,0.012210817,357.44003,229.20308,3.2553563,286.88638,293.7491,65.18206,298.0116,0.010773082,234.97578,351.9721,294.18878,287.03995
2011-12-31,286.43616,291.85092,75.74642,3.0332687,349.2271,222.78677,0.011895647,297.26157,3.1378496,286.61993,297.6199,0.011716766,353.53662,229.4512,293.3359,286.00522,228.98618,351.82483,0.011607326,292.78406,3.118087,297.93243,74.60547,299.2883,351.78952,0.012061563,293.31296,3.2823818,286.492,298.40414,2.8768935,293.0963,286.94754,352.14905,230.3714,0.011817465,294.36356,299.6761,3.2228663,0.011817819,356.84415,231.60081,286.598,66.181725,359.3216,230.62955,0.01202642,235.22487,236.11781,357.76486,0.012099282,294.6116,285.04773,300.96777,3.148089,299.55847,0.01209499,355.33353,231.77295,3.1673126,285.94495,293.5356,69.26651,299.1093,0.011300539,231.82654,352.5539,293.60428,285.6384
2012-12-31,286.37503,292.85648,72.89435,3.1469452,353.7416,231.84535,0.012010302,298.5325,3.119771,284.57172,296.16483,0.01202044,354.15903,224.3698,291.18146,286.68015,231.03407,354.91428,0.011667768,291.8802,3.0760348,299.59787,73.483055,299.4541,354.841,0.011787015,292.67328,3.044657,287.5131,299.17868,3.0749686,293.04468,286.1015,353.47668,230.69493,0.011718364,293.3486,298.91074,3.040474,0.012494678,356.75638,226.72191,287.79254,74.20507,357.7224,232.61676,0.011691574,235.84763,231.64047,353.71643,0.01186384,291.80096,284.94037,297.80325,3.2585983,299.38336,0.01174575,355.53195,232.52782,3.1312547,286.465,292.46692,68.643616,300.72147,0.011371823,235.58585,355.86722,294.43768,287.42148
2013-12-31,286.90063,292.5672,73.55588,3.0418632,352.34985,229.58218,0.012102753,298.19513,3.0972476,287.25482,299.6788,0.012037259,357.33856,230.01433,293.01404,286.13107,233.40286,350.93964,0.011554925,292.0799,3.1391144,298.95218,74.62201,298.24374,348.84903,0.011416024,291.47208,3.0512762,286.2622,299.0837,3.1952758,292.93463,286.78705,353.8595,227.82501,0.011873961,294.12387,300.25345,2.9467483,0.012140249,357.81555,236.36024,286.4753,68.706406,359.23175,228.74155,0.0123939635,238.69237,234.13342,352.6623,0.011105948,293.6574,286.47714,298.42725,3.2462647,299.20428,0.012106063,353.84366,229.06616,3.0379055,287.23145,293.21182,68.80484,300.68994,0.01141845,233.02194,357.1128,291.82123,287.17267
2014-12-31,284.89926,293.47122,66.0307,3.2462194,349.88852,238.38547,0.011121433,298.85934,3.310786,288.1051,300.51675,0.011948452,354.85904,234.02153,294.29025,286.14633,230.55385,351.3234,0.011239529,292.98172,3.2594562,298.17047,75.4672,298.16766,351.08762,0.011708053,292.36868,3.2153313,284.8979,300.65573,3.3094625,295.12573,288.8256,358.3871,235.07376,0.011903464,294.98618,300.65448,3.0795946,0.012511825,362.2085,229.11847,289.36215,69.73293,359.35498,230.4939,0.0121754985,233.03423,235.73868,353.9832,0.011657831,294.07837,286.34375,299.3888,3.2716067,296.7019,0.011717546,356.35843,236.86113,3.2825015,287.72055,293.95047,72.08331,300.39813,0.012218536,234.28778,359.09875,294.51996,288.6815
